epoch,time,train/giou_loss,train/cls_loss,train/l1_loss,metrics/precision(B),metrics/recall(B),metrics/mAP50(B),metrics/mAP50-95(B),val/giou_loss,val/cls_loss,val/l1_loss,lr/pg0,lr/pg1,lr/pg2
1,51.3773,0.80744,11.2235,0.81475,0.00361,0.48466,0.01031,0.00364,0.79409,1.58604,1.33236,0.0670872,3.29457e-05,3.29457e-05
2,103.035,0.42732,1.79784,0.37,0.00849,0.52796,0.01313,0.00555,0.47408,2.08421,0.59225,0.033787,6.60603e-05,6.60603e-05
3,154.466,0.3254,1.82483,0.28309,0.34559,0.42535,0.03891,0.01883,0.26187,2.09772,0.28186,0.000486552,9.8955e-05,9.8955e-05
4,205.862,0.27773,1.82767,0.22616,0.01961,0.33901,0.034,0.02026,0.23445,2.09687,0.24053,9.901e-05,9.901e-05,9.901e-05
5,257.012,0.2531,1.80428,0.20406,0.02428,0.53737,0.03747,0.02355,0.21688,2.09932,0.2156,9.868e-05,9.868e-05,9.868e-05
6,308.246,0.24428,1.79653,0.1878,0.02599,0.39287,0.03499,0.02425,0.21412,1.99944,0.20501,9.835e-05,9.835e-05,9.835e-05
7,359.591,0.22548,1.78762,0.17891,0.03907,0.41491,0.05201,0.036,0.20918,1.89391,0.20325,9.802e-05,9.802e-05,9.802e-05
8,410.884,0.21401,1.75486,0.16914,0.03442,0.48004,0.04617,0.03406,0.2006,1.88378,0.19047,9.769e-05,9.769e-05,9.769e-05
9,462.083,0.21248,1.69979,0.16815,0.07234,0.40789,0.07778,0.05503,0.20657,1.78425,0.20547,9.736e-05,9.736e-05,9.736e-05
10,513.382,0.22367,1.60642,0.17699,0.10081,0.42728,0.13067,0.08993,0.21686,1.72787,0.2276,9.703e-05,9.703e-05,9.703e-05
11,564.809,0.24546,1.30584,0.20944,0.71844,0.79632,0.81677,0.57596,0.27053,0.94983,0.32851,9.67e-05,9.67e-05,9.67e-05
12,616.166,0.29643,0.81269,0.2874,0.8643,0.78504,0.81164,0.56234,0.28208,0.88353,0.36137,9.637e-05,9.637e-05,9.637e-05
13,667.515,0.28617,0.71963,0.27006,0.88853,0.81045,0.83702,0.57242,0.26924,0.88357,0.33516,9.604e-05,9.604e-05,9.604e-05
14,718.895,0.29236,0.70619,0.27199,0.87736,0.82897,0.86193,0.60153,0.28428,0.75507,0.37141,9.571e-05,9.571e-05,9.571e-05
15,770.097,0.27893,0.669,0.26709,0.87133,0.91927,0.91225,0.63263,0.28423,0.63565,0.37482,9.538e-05,9.538e-05,9.538e-05
16,821.591,0.27137,0.62102,0.25911,0.88302,0.89368,0.89912,0.64176,0.28594,0.61537,0.39125,9.505e-05,9.505e-05,9.505e-05
17,873.165,0.26721,0.59434,0.26818,0.91803,0.87966,0.92569,0.64331,0.29135,0.57079,0.40682,9.472e-05,9.472e-05,9.472e-05
18,924.637,0.26821,0.58681,0.26178,0.90463,0.90683,0.92666,0.67114,0.28078,0.5471,0.36878,9.439e-05,9.439e-05,9.439e-05
19,976.116,0.26724,0.56413,0.26294,0.93936,0.89698,0.93822,0.68309,0.28107,0.53216,0.36455,9.406e-05,9.406e-05,9.406e-05
20,1027.59,0.27256,0.54031,0.25535,0.94298,0.91621,0.93986,0.66748,0.28026,0.55084,0.37127,9.373e-05,9.373e-05,9.373e-05
21,1078.68,0.26628,0.55709,0.25564,0.94751,0.91769,0.93927,0.67747,0.2826,0.51492,0.38018,9.34e-05,9.34e-05,9.34e-05
22,1129.89,0.25179,0.53264,0.24438,0.94046,0.92506,0.94218,0.67772,0.28896,0.50795,0.41268,9.307e-05,9.307e-05,9.307e-05
23,1181.09,0.26147,0.4984,0.24668,0.92155,0.92346,0.94012,0.68373,0.27766,0.52355,0.38277,9.274e-05,9.274e-05,9.274e-05
24,1232.42,0.26116,0.49517,0.24967,0.94679,0.91971,0.94248,0.68226,0.28627,0.49346,0.40523,9.241e-05,9.241e-05,9.241e-05
25,1283.57,0.25673,0.49198,0.23985,0.96047,0.92119,0.95062,0.68214,0.28425,0.50169,0.3913,9.208e-05,9.208e-05,9.208e-05
26,1335.07,0.24756,0.47911,0.23311,0.92577,0.94441,0.94906,0.68665,0.28812,0.49566,0.41026,9.175e-05,9.175e-05,9.175e-05
27,1386.73,0.24821,0.47692,0.22793,0.94946,0.92165,0.94619,0.68412,0.28643,0.47375,0.41372,9.142e-05,9.142e-05,9.142e-05
28,1437.86,0.24125,0.47547,0.22659,0.96603,0.92646,0.95986,0.69876,0.28532,0.43063,0.40631,9.109e-05,9.109e-05,9.109e-05
29,1489.14,0.23253,0.46305,0.22512,0.9596,0.91528,0.95366,0.70452,0.27413,0.44506,0.38172,9.076e-05,9.076e-05,9.076e-05
30,1540.38,0.23894,0.45389,0.22504,0.95773,0.93675,0.96021,0.70604,0.27847,0.40517,0.38218,9.043e-05,9.043e-05,9.043e-05
31,1591.71,0.24562,0.4632,0.2312,0.94949,0.94237,0.9513,0.70475,0.27905,0.44246,0.38229,9.01e-05,9.01e-05,9.01e-05
32,1642.76,0.23474,0.44484,0.22268,0.95946,0.95715,0.96234,0.70935,0.27384,0.40397,0.38293,8.977e-05,8.977e-05,8.977e-05
33,1694.05,0.22747,0.44654,0.21482,0.95392,0.9582,0.96322,0.70913,0.27269,0.40732,0.37588,8.944e-05,8.944e-05,8.944e-05
34,1745.46,0.23364,0.42917,0.21875,0.95011,0.94336,0.95769,0.69833,0.2772,0.48072,0.39002,8.911e-05,8.911e-05,8.911e-05
35,1796.61,0.2292,0.43746,0.21759,0.95542,0.94109,0.95742,0.70331,0.28269,0.47005,0.41094,8.878e-05,8.878e-05,8.878e-05
36,1847.91,0.22216,0.43756,0.20551,0.95741,0.95308,0.958,0.7003,0.27647,0.42562,0.39275,8.845e-05,8.845e-05,8.845e-05
37,1899.26,0.23158,0.44377,0.21703,0.96905,0.93558,0.95866,0.7069,0.27142,0.41546,0.37713,8.812e-05,8.812e-05,8.812e-05
38,1950.51,0.22545,0.44118,0.2076,0.97146,0.95683,0.95925,0.70433,0.2833,0.40787,0.39936,8.779e-05,8.779e-05,8.779e-05
39,2001.77,0.21922,0.40814,0.20759,0.96827,0.93467,0.95206,0.7044,0.27664,0.45078,0.38779,8.746e-05,8.746e-05,8.746e-05
40,2053,0.20861,0.40212,0.19465,0.95758,0.93492,0.95474,0.70548,0.27387,0.43188,0.38966,8.713e-05,8.713e-05,8.713e-05
41,2104.29,0.21697,0.41522,0.20164,0.96175,0.933,0.95797,0.69909,0.28045,0.42733,0.40099,8.68e-05,8.68e-05,8.68e-05
42,2155.5,0.22161,0.41238,0.21529,0.9564,0.94823,0.95395,0.69057,0.28657,0.4051,0.4074,8.647e-05,8.647e-05,8.647e-05
43,2206.74,0.21455,0.40544,0.1978,0.96555,0.94763,0.95688,0.70523,0.28378,0.44879,0.40519,8.614e-05,8.614e-05,8.614e-05
44,2258,0.21412,0.40726,0.20031,0.95618,0.94949,0.95441,0.70407,0.28059,0.45422,0.38227,8.581e-05,8.581e-05,8.581e-05
45,2309.32,0.20536,0.38725,0.19385,0.95363,0.94898,0.9543,0.70513,0.28447,0.4207,0.38625,8.548e-05,8.548e-05,8.548e-05
46,2360.54,0.21123,0.39308,0.19745,0.96411,0.93747,0.94915,0.70304,0.28658,0.41039,0.40337,8.515e-05,8.515e-05,8.515e-05
47,2411.82,0.20918,0.3959,0.19389,0.9682,0.94539,0.95723,0.71515,0.27435,0.38816,0.38528,8.482e-05,8.482e-05,8.482e-05
48,2463.25,0.2035,0.37979,0.19002,0.97136,0.9534,0.95633,0.71042,0.28606,0.38682,0.40196,8.449e-05,8.449e-05,8.449e-05
49,2514.54,0.20795,0.38064,0.18979,0.97364,0.95752,0.96347,0.7149,0.2762,0.37525,0.38034,8.416e-05,8.416e-05,8.416e-05
50,2565.88,0.20524,0.38625,0.19297,0.96111,0.95062,0.95728,0.70738,0.27664,0.39238,0.38716,8.383e-05,8.383e-05,8.383e-05
51,2617.17,0.20479,0.37649,0.18758,0.96574,0.94701,0.95391,0.707,0.27973,0.38188,0.38088,8.35e-05,8.35e-05,8.35e-05
52,2668.45,0.20545,0.37982,0.19192,0.96413,0.96009,0.95854,0.71306,0.28724,0.40042,0.40088,8.317e-05,8.317e-05,8.317e-05
53,2719.69,0.20124,0.37893,0.1849,0.96256,0.95586,0.96385,0.71096,0.28041,0.4196,0.38541,8.284e-05,8.284e-05,8.284e-05
54,2770.7,0.20175,0.36921,0.18322,0.95754,0.93877,0.953,0.70647,0.2856,0.40085,0.40566,8.251e-05,8.251e-05,8.251e-05
55,2821.71,0.19719,0.37475,0.17615,0.9649,0.95475,0.95907,0.71377,0.27536,0.38012,0.37293,8.218e-05,8.218e-05,8.218e-05
56,2872.73,0.20071,0.36181,0.18679,0.96402,0.94758,0.95869,0.7162,0.27911,0.37912,0.38647,8.185e-05,8.185e-05,8.185e-05
57,2923.98,0.19963,0.36385,0.18864,0.96226,0.95079,0.94687,0.71161,0.27702,0.38958,0.38689,8.152e-05,8.152e-05,8.152e-05
58,2975.01,0.19295,0.3622,0.17662,0.97257,0.9504,0.9585,0.70586,0.28125,0.40034,0.38336,8.119e-05,8.119e-05,8.119e-05
59,3026.09,0.19479,0.36399,0.17767,0.96666,0.94341,0.95864,0.70028,0.28565,0.40715,0.41559,8.086e-05,8.086e-05,8.086e-05
60,3077.22,0.19284,0.35922,0.17712,0.96173,0.9438,0.95742,0.71923,0.26806,0.3862,0.36158,8.053e-05,8.053e-05,8.053e-05
61,3128.54,0.19309,0.35931,0.17903,0.9576,0.94247,0.94755,0.71118,0.27699,0.38263,0.3912,8.02e-05,8.02e-05,8.02e-05
62,3179.71,0.19501,0.37347,0.17882,0.95988,0.95197,0.96035,0.7062,0.27819,0.40449,0.3953,7.987e-05,7.987e-05,7.987e-05
63,3230.84,0.19224,0.35927,0.17294,0.97299,0.93417,0.95912,0.70803,0.26813,0.40511,0.36151,7.954e-05,7.954e-05,7.954e-05
64,3281.98,0.19142,0.37026,0.17484,0.97063,0.95164,0.9615,0.71858,0.27448,0.3901,0.38264,7.921e-05,7.921e-05,7.921e-05
65,3333.16,0.18269,0.3456,0.16346,0.96175,0.94941,0.96042,0.71729,0.28355,0.39859,0.39163,7.888e-05,7.888e-05,7.888e-05
66,3384.13,0.18537,0.35388,0.16491,0.96465,0.95408,0.95817,0.71336,0.27837,0.40381,0.38496,7.855e-05,7.855e-05,7.855e-05
67,3435.18,0.18435,0.35532,0.16951,0.96401,0.95478,0.9579,0.71812,0.27029,0.4027,0.36732,7.822e-05,7.822e-05,7.822e-05
68,3486.2,0.18252,0.35193,0.17163,0.95117,0.95067,0.96629,0.71452,0.27722,0.42889,0.37698,7.789e-05,7.789e-05,7.789e-05
69,3537.29,0.18343,0.35492,0.16542,0.95863,0.94779,0.95888,0.71775,0.27362,0.40174,0.37689,7.756e-05,7.756e-05,7.756e-05
70,3588.3,0.18305,0.3499,0.16024,0.96323,0.95775,0.961,0.71651,0.27227,0.3775,0.37527,7.723e-05,7.723e-05,7.723e-05
71,3639.44,0.18853,0.34822,0.1723,0.96059,0.94095,0.95759,0.70941,0.27567,0.40563,0.38482,7.69e-05,7.69e-05,7.69e-05
72,3690.56,0.18585,0.34672,0.16514,0.95744,0.95258,0.95182,0.71136,0.28607,0.40153,0.39815,7.657e-05,7.657e-05,7.657e-05
73,3741.57,0.17774,0.33884,0.162,0.93989,0.94401,0.94551,0.70157,0.27851,0.43847,0.39119,7.624e-05,7.624e-05,7.624e-05
74,3792.6,0.18018,0.34411,0.16524,0.94942,0.9531,0.94916,0.70585,0.27883,0.37575,0.39507,7.591e-05,7.591e-05,7.591e-05
75,3843.72,0.17366,0.32812,0.15812,0.95006,0.93662,0.9466,0.69551,0.2854,0.43091,0.39523,7.558e-05,7.558e-05,7.558e-05
76,3894.79,0.18116,0.32868,0.16367,0.95451,0.95945,0.95715,0.71023,0.28507,0.37585,0.38981,7.525e-05,7.525e-05,7.525e-05
77,3945.67,0.16681,0.32551,0.15251,0.95911,0.95056,0.9518,0.71508,0.26759,0.39403,0.35102,7.492e-05,7.492e-05,7.492e-05
78,3996.68,0.17595,0.33273,0.16823,0.96161,0.93803,0.94892,0.71369,0.27127,0.40388,0.37232,7.459e-05,7.459e-05,7.459e-05
79,4047.73,0.17343,0.32412,0.1574,0.96641,0.94452,0.95345,0.72142,0.2704,0.38428,0.36613,7.426e-05,7.426e-05,7.426e-05
80,4098.99,0.17757,0.33296,0.15384,0.9591,0.95323,0.95052,0.7051,0.27839,0.42979,0.38114,7.393e-05,7.393e-05,7.393e-05
81,4150.15,0.17464,0.33855,0.15675,0.97001,0.95505,0.95792,0.71526,0.27202,0.39086,0.36498,7.36e-05,7.36e-05,7.36e-05
82,4201.38,0.16898,0.32277,0.15088,0.9651,0.9442,0.96215,0.71297,0.28058,0.3868,0.39304,7.327e-05,7.327e-05,7.327e-05
83,4252.56,0.16969,0.32035,0.1514,0.975,0.95527,0.96066,0.71525,0.27542,0.37872,0.38928,7.294e-05,7.294e-05,7.294e-05
84,4303.63,0.16551,0.32767,0.14838,0.96744,0.95124,0.96329,0.71582,0.27984,0.38606,0.3923,7.261e-05,7.261e-05,7.261e-05
85,4354.69,0.16958,0.31773,0.15009,0.96465,0.95934,0.96692,0.71566,0.28044,0.36922,0.39311,7.228e-05,7.228e-05,7.228e-05
86,4405.74,0.17594,0.31291,0.16066,0.9704,0.9424,0.95596,0.70028,0.28515,0.38313,0.40834,7.195e-05,7.195e-05,7.195e-05
87,4456.82,0.16705,0.32392,0.14764,0.96501,0.96035,0.96293,0.72003,0.27368,0.39068,0.366,7.162e-05,7.162e-05,7.162e-05
88,4507.94,0.16632,0.33019,0.14912,0.97846,0.95452,0.96199,0.71576,0.27812,0.36786,0.3679,7.129e-05,7.129e-05,7.129e-05
89,4559.06,0.17213,0.32532,0.15125,0.96753,0.95583,0.96193,0.71584,0.27819,0.39386,0.38172,7.096e-05,7.096e-05,7.096e-05
90,4610.15,0.16537,0.32531,0.14541,0.97259,0.95496,0.96064,0.70986,0.28026,0.37376,0.38805,7.063e-05,7.063e-05,7.063e-05
91,4661.13,0.16915,0.31942,0.14934,0.96319,0.94577,0.95225,0.70368,0.28484,0.38408,0.3933,7.03e-05,7.03e-05,7.03e-05
92,4712.31,0.16802,0.31293,0.15385,0.95712,0.95722,0.95712,0.70533,0.2847,0.38759,0.39191,6.997e-05,6.997e-05,6.997e-05
93,4763.46,0.15885,0.31284,0.14242,0.97054,0.95444,0.96203,0.70925,0.28314,0.37552,0.38886,6.964e-05,6.964e-05,6.964e-05
94,4814.59,0.16184,0.30217,0.14332,0.97093,0.94928,0.95816,0.71576,0.27471,0.41019,0.37275,6.931e-05,6.931e-05,6.931e-05
95,4865.7,0.16926,0.30936,0.14618,0.97055,0.94485,0.95954,0.72024,0.27309,0.37981,0.37608,6.898e-05,6.898e-05,6.898e-05
96,4916.8,0.15876,0.29867,0.14162,0.96998,0.94606,0.95601,0.71129,0.28178,0.38631,0.38454,6.865e-05,6.865e-05,6.865e-05
97,4968.25,0.16197,0.29566,0.14395,0.96858,0.95389,0.95393,0.70535,0.28806,0.4005,0.41854,6.832e-05,6.832e-05,6.832e-05
98,5019.29,0.15702,0.30171,0.14286,0.96951,0.95434,0.96133,0.71368,0.28378,0.37709,0.40709,6.799e-05,6.799e-05,6.799e-05
99,5070.44,0.15215,0.29351,0.13796,0.96273,0.9534,0.96178,0.7159,0.27521,0.40546,0.37257,6.766e-05,6.766e-05,6.766e-05
100,5121.61,0.16042,0.30318,0.13537,0.96865,0.95075,0.95696,0.71776,0.27283,0.37856,0.38612,6.733e-05,6.733e-05,6.733e-05
101,5172.7,0.15933,0.29963,0.13885,0.97228,0.95537,0.95871,0.7078,0.2835,0.38983,0.40481,6.7e-05,6.7e-05,6.7e-05
102,5223.7,0.1554,0.30164,0.13318,0.97077,0.9551,0.96017,0.71308,0.2796,0.3774,0.39518,6.667e-05,6.667e-05,6.667e-05
103,5274.86,0.1615,0.31113,0.14815,0.97122,0.94331,0.96082,0.71813,0.26908,0.39956,0.36834,6.634e-05,6.634e-05,6.634e-05
104,5326.01,0.16016,0.30099,0.14023,0.97289,0.95291,0.96458,0.71982,0.27408,0.3673,0.37698,6.601e-05,6.601e-05,6.601e-05
105,5376.95,0.15389,0.29745,0.13898,0.96839,0.95507,0.96573,0.72221,0.27348,0.3735,0.36896,6.568e-05,6.568e-05,6.568e-05
106,5428.2,0.15384,0.29203,0.13277,0.97296,0.94461,0.96194,0.71622,0.27665,0.37306,0.36697,6.535e-05,6.535e-05,6.535e-05
107,5479.4,0.1532,0.29076,0.13394,0.96259,0.95039,0.95575,0.70514,0.27819,0.39001,0.37876,6.502e-05,6.502e-05,6.502e-05
108,5530.43,0.15344,0.29748,0.1352,0.96364,0.9522,0.95485,0.71251,0.27195,0.37742,0.37198,6.469e-05,6.469e-05,6.469e-05
109,5581.71,0.15059,0.29294,0.13443,0.97211,0.93735,0.95365,0.71784,0.26714,0.38393,0.3603,6.436e-05,6.436e-05,6.436e-05
110,5632.81,0.1534,0.29585,0.13261,0.97378,0.95729,0.95953,0.71653,0.2762,0.39163,0.3795,6.403e-05,6.403e-05,6.403e-05
111,5683.91,0.15042,0.28756,0.13468,0.97777,0.9518,0.96273,0.71762,0.27685,0.36569,0.36862,6.37e-05,6.37e-05,6.37e-05
112,5734.92,0.15173,0.28955,0.13156,0.97198,0.95308,0.95787,0.7226,0.27304,0.38119,0.36867,6.337e-05,6.337e-05,6.337e-05
113,5786,0.14499,0.27956,0.12678,0.97181,0.95138,0.95979,0.72032,0.27229,0.40181,0.36431,6.304e-05,6.304e-05,6.304e-05
114,5837.02,0.14858,0.28148,0.13574,0.97166,0.95544,0.9598,0.71588,0.27584,0.3771,0.36525,6.271e-05,6.271e-05,6.271e-05
115,5888.11,0.14637,0.29212,0.12733,0.97033,0.95017,0.96369,0.7178,0.28094,0.38545,0.3789,6.238e-05,6.238e-05,6.238e-05
116,5939.16,0.14804,0.27599,0.13331,0.97351,0.95802,0.9674,0.71856,0.27592,0.38021,0.3792,6.205e-05,6.205e-05,6.205e-05
117,5990.08,0.14999,0.28228,0.13323,0.9589,0.96281,0.96736,0.72183,0.27644,0.36345,0.37055,6.172e-05,6.172e-05,6.172e-05
118,6041.11,0.14543,0.28801,0.12308,0.96408,0.9501,0.95706,0.71534,0.28,0.37595,0.38614,6.139e-05,6.139e-05,6.139e-05
119,6092.39,0.14672,0.28891,0.12411,0.96969,0.94882,0.95829,0.71576,0.27574,0.37037,0.38009,6.106e-05,6.106e-05,6.106e-05
120,6143.47,0.1491,0.2817,0.13381,0.97201,0.95505,0.96559,0.71567,0.2765,0.36866,0.38306,6.073e-05,6.073e-05,6.073e-05
121,6194.38,0.14889,0.28429,0.13413,0.97345,0.95133,0.96414,0.72448,0.27651,0.35291,0.3743,6.04e-05,6.04e-05,6.04e-05
122,6245.57,0.14372,0.27542,0.12235,0.96266,0.9607,0.96768,0.73767,0.26796,0.36017,0.36133,6.007e-05,6.007e-05,6.007e-05
123,6296.87,0.14545,0.28159,0.13004,0.96986,0.95479,0.96356,0.71959,0.2767,0.37691,0.37563,5.974e-05,5.974e-05,5.974e-05
124,6347.96,0.13806,0.27293,0.11984,0.96674,0.95914,0.96274,0.71661,0.28001,0.37096,0.38897,5.941e-05,5.941e-05,5.941e-05
125,6399.1,0.14408,0.2832,0.12765,0.97464,0.95624,0.96529,0.72458,0.27391,0.36481,0.37924,5.908e-05,5.908e-05,5.908e-05
126,6450.12,0.14059,0.27451,0.12222,0.97448,0.96561,0.96641,0.72163,0.27318,0.36325,0.3785,5.875e-05,5.875e-05,5.875e-05
127,6501.23,0.14224,0.28132,0.13007,0.98184,0.95249,0.96748,0.71746,0.28193,0.38097,0.39149,5.842e-05,5.842e-05,5.842e-05
128,6552.28,0.13902,0.27048,0.12168,0.9801,0.95229,0.96503,0.7234,0.28014,0.36873,0.38057,5.809e-05,5.809e-05,5.809e-05
129,6603.35,0.1449,0.27926,0.12353,0.97436,0.95514,0.96618,0.72281,0.27539,0.36301,0.38335,5.776e-05,5.776e-05,5.776e-05
130,6654.39,0.136,0.25976,0.1194,0.97133,0.96274,0.96315,0.72126,0.27685,0.36504,0.38824,5.743e-05,5.743e-05,5.743e-05
131,6705.48,0.13859,0.27558,0.12174,0.97562,0.96544,0.96681,0.72718,0.27226,0.35936,0.37426,5.71e-05,5.71e-05,5.71e-05
132,6756.51,0.1417,0.28242,0.12218,0.97777,0.96331,0.9662,0.72353,0.27351,0.37698,0.38255,5.677e-05,5.677e-05,5.677e-05
133,6807.51,0.14353,0.27174,0.11945,0.981,0.95363,0.96556,0.71843,0.27797,0.37273,0.38975,5.644e-05,5.644e-05,5.644e-05
134,6858.55,0.13241,0.26819,0.11962,0.97055,0.95812,0.95916,0.721,0.27272,0.35092,0.37746,5.611e-05,5.611e-05,5.611e-05
135,6909.62,0.14354,0.28703,0.12409,0.97331,0.9629,0.96852,0.72728,0.27122,0.37101,0.37588,5.578e-05,5.578e-05,5.578e-05
136,6960.62,0.13381,0.26666,0.11462,0.97458,0.95966,0.96662,0.72553,0.27328,0.36417,0.38061,5.545e-05,5.545e-05,5.545e-05
137,7011.68,0.13144,0.26523,0.1156,0.97126,0.96392,0.96148,0.72093,0.27708,0.38304,0.39451,5.512e-05,5.512e-05,5.512e-05
138,7062.72,0.13439,0.26905,0.11862,0.97529,0.95465,0.96619,0.72374,0.27151,0.38695,0.37058,5.479e-05,5.479e-05,5.479e-05
139,7113.75,0.13018,0.27022,0.11347,0.97582,0.96144,0.96379,0.71302,0.28195,0.37818,0.39656,5.446e-05,5.446e-05,5.446e-05
140,7164.82,0.14224,0.26352,0.1254,0.97407,0.95879,0.96269,0.7079,0.28846,0.37164,0.41247,5.413e-05,5.413e-05,5.413e-05
141,7215.85,0.13452,0.25917,0.11366,0.97259,0.95763,0.96361,0.70977,0.28349,0.39579,0.39839,5.38e-05,5.38e-05,5.38e-05
142,7266.83,0.13141,0.25362,0.11942,0.97347,0.95246,0.96512,0.72232,0.27602,0.37254,0.38145,5.347e-05,5.347e-05,5.347e-05
143,7317.79,0.13494,0.26533,0.11635,0.97775,0.95902,0.96716,0.71859,0.27502,0.37622,0.38035,5.314e-05,5.314e-05,5.314e-05
144,7368.79,0.12836,0.26695,0.1136,0.97109,0.95396,0.96135,0.71487,0.27805,0.38287,0.39415,5.281e-05,5.281e-05,5.281e-05
145,7419.82,0.13411,0.26909,0.11924,0.96886,0.95718,0.96108,0.71868,0.27989,0.38331,0.38847,5.248e-05,5.248e-05,5.248e-05
146,7470.83,0.12963,0.2529,0.11445,0.97208,0.95372,0.96479,0.71904,0.27646,0.37247,0.38645,5.215e-05,5.215e-05,5.215e-05
147,7521.95,0.13221,0.25883,0.11178,0.97961,0.95503,0.96668,0.71531,0.27939,0.38524,0.38677,5.182e-05,5.182e-05,5.182e-05
148,7573.01,0.13926,0.26618,0.11821,0.97864,0.9524,0.96512,0.72352,0.27467,0.37812,0.38019,5.149e-05,5.149e-05,5.149e-05
149,7624.06,0.13248,0.2591,0.11336,0.97096,0.9492,0.96448,0.7273,0.27004,0.38807,0.36876,5.116e-05,5.116e-05,5.116e-05
150,7675.06,0.13659,0.25546,0.11946,0.9521,0.96485,0.96275,0.72393,0.27589,0.39293,0.37373,5.083e-05,5.083e-05,5.083e-05
151,7726.12,0.13262,0.2629,0.11359,0.96877,0.95734,0.96055,0.71354,0.28311,0.3972,0.40556,5.05e-05,5.05e-05,5.05e-05
152,7777.13,0.12469,0.25982,0.11092,0.96933,0.96077,0.95858,0.71476,0.27734,0.37729,0.38328,5.017e-05,5.017e-05,5.017e-05
153,7828.1,0.12908,0.25714,0.10779,0.96748,0.96241,0.96169,0.71813,0.27178,0.38518,0.36987,4.984e-05,4.984e-05,4.984e-05
154,7879.1,0.12901,0.25063,0.10718,0.96997,0.95301,0.96611,0.7231,0.27083,0.39313,0.36208,4.951e-05,4.951e-05,4.951e-05
155,7930.11,0.12723,0.24739,0.10795,0.96928,0.95398,0.96634,0.72747,0.27648,0.36646,0.37903,4.918e-05,4.918e-05,4.918e-05
156,7981.1,0.12893,0.24915,0.11083,0.97007,0.95658,0.96645,0.72059,0.27511,0.37887,0.37826,4.885e-05,4.885e-05,4.885e-05
157,8032.12,0.12616,0.25036,0.10838,0.9659,0.95801,0.96091,0.72003,0.27861,0.37314,0.37884,4.852e-05,4.852e-05,4.852e-05
158,8083.18,0.12783,0.25633,0.10843,0.95951,0.95753,0.96043,0.72025,0.27242,0.39006,0.36589,4.819e-05,4.819e-05,4.819e-05
159,8134.17,0.1217,0.24944,0.10516,0.97306,0.95664,0.96503,0.72931,0.2721,0.38276,0.37173,4.786e-05,4.786e-05,4.786e-05
160,8185.17,0.12742,0.24923,0.10782,0.96879,0.95715,0.96149,0.71437,0.28454,0.37214,0.40011,4.753e-05,4.753e-05,4.753e-05
161,8236.2,0.12787,0.24425,0.10885,0.96936,0.95576,0.96225,0.71147,0.28356,0.39374,0.39831,4.72e-05,4.72e-05,4.72e-05
162,8287.18,0.12419,0.26723,0.10619,0.96906,0.95464,0.96075,0.71673,0.28232,0.38842,0.39748,4.687e-05,4.687e-05,4.687e-05
163,8338.21,0.12973,0.25672,0.1108,0.97493,0.95184,0.96078,0.71728,0.28025,0.38888,0.39449,4.654e-05,4.654e-05,4.654e-05
164,8389.2,0.12812,0.25746,0.10719,0.96461,0.95626,0.96414,0.72184,0.27193,0.39191,0.36497,4.621e-05,4.621e-05,4.621e-05
165,8440.19,0.12105,0.24554,0.10564,0.9714,0.96235,0.96588,0.72173,0.27513,0.39447,0.37785,4.588e-05,4.588e-05,4.588e-05
166,8491.11,0.13019,0.25272,0.10679,0.97592,0.95775,0.96687,0.72254,0.27836,0.38342,0.37639,4.555e-05,4.555e-05,4.555e-05
167,8542.16,0.1224,0.24077,0.09976,0.96707,0.96515,0.96675,0.72502,0.27683,0.39391,0.37751,4.522e-05,4.522e-05,4.522e-05
168,8593.14,0.12074,0.24394,0.10083,0.97363,0.94975,0.96192,0.72081,0.28021,0.38329,0.38242,4.489e-05,4.489e-05,4.489e-05
169,8644.2,0.12036,0.2548,0.10335,0.9725,0.95555,0.96119,0.71649,0.27648,0.39189,0.37638,4.456e-05,4.456e-05,4.456e-05
170,8695.18,0.12028,0.23909,0.10299,0.97695,0.95446,0.96357,0.71312,0.28432,0.37487,0.39948,4.423e-05,4.423e-05,4.423e-05
171,8746.21,0.12017,0.24618,0.10305,0.9716,0.95358,0.96475,0.7141,0.28364,0.38137,0.38831,4.39e-05,4.39e-05,4.39e-05
172,8797.24,0.11704,0.24587,0.10262,0.96619,0.96677,0.96601,0.71927,0.28182,0.38307,0.38984,4.357e-05,4.357e-05,4.357e-05
173,8848.27,0.12011,0.24897,0.10568,0.98247,0.94976,0.96473,0.7144,0.28283,0.3721,0.39251,4.324e-05,4.324e-05,4.324e-05
174,8899.34,0.12039,0.23689,0.10143,0.97708,0.95812,0.9635,0.72277,0.28033,0.37629,0.38422,4.291e-05,4.291e-05,4.291e-05
175,8950.38,0.12099,0.23442,0.10039,0.97064,0.95626,0.9649,0.71754,0.28165,0.38535,0.38699,4.258e-05,4.258e-05,4.258e-05
176,9001.41,0.11282,0.23023,0.09703,0.97401,0.9587,0.96531,0.71852,0.27756,0.38711,0.37932,4.225e-05,4.225e-05,4.225e-05
177,9052.49,0.11725,0.2379,0.10085,0.97527,0.95937,0.96688,0.72343,0.27806,0.38196,0.38278,4.192e-05,4.192e-05,4.192e-05
178,9103.54,0.11868,0.24372,0.10107,0.96772,0.96064,0.96277,0.72419,0.27568,0.38213,0.37178,4.159e-05,4.159e-05,4.159e-05
179,9154.58,0.12158,0.24066,0.10315,0.9712,0.96504,0.96066,0.71789,0.27786,0.37855,0.37984,4.126e-05,4.126e-05,4.126e-05
180,9205.59,0.11829,0.2398,0.10017,0.97519,0.95932,0.96142,0.71675,0.27633,0.37153,0.38193,4.093e-05,4.093e-05,4.093e-05
181,9256.68,0.11617,0.22788,0.09618,0.96925,0.94922,0.96215,0.71392,0.27803,0.39158,0.38351,4.06e-05,4.06e-05,4.06e-05
182,9307.73,0.11758,0.24341,0.10183,0.976,0.94568,0.96093,0.71846,0.27844,0.40476,0.38636,4.027e-05,4.027e-05,4.027e-05
183,9358.73,0.11901,0.24411,0.1014,0.97407,0.9494,0.96529,0.71981,0.27867,0.39527,0.38239,3.994e-05,3.994e-05,3.994e-05
184,9409.7,0.11797,0.22898,0.09934,0.97461,0.95483,0.96513,0.72043,0.2748,0.3952,0.37403,3.961e-05,3.961e-05,3.961e-05
185,9460.81,0.11344,0.23823,0.09515,0.96958,0.96112,0.96532,0.72257,0.27211,0.39583,0.362,3.928e-05,3.928e-05,3.928e-05
186,9511.91,0.11568,0.24191,0.10256,0.97639,0.96541,0.96603,0.72006,0.27607,0.37745,0.37665,3.895e-05,3.895e-05,3.895e-05
187,9562.97,0.11659,0.23939,0.09992,0.97761,0.94651,0.96554,0.72181,0.27798,0.40017,0.38341,3.862e-05,3.862e-05,3.862e-05
188,9614.04,0.11403,0.22806,0.09409,0.97378,0.95722,0.96004,0.71019,0.28133,0.41844,0.38799,3.829e-05,3.829e-05,3.829e-05
189,9665.08,0.11483,0.23102,0.09415,0.97391,0.95608,0.96235,0.71607,0.2839,0.38123,0.39783,3.796e-05,3.796e-05,3.796e-05
190,9716.11,0.11009,0.22731,0.09122,0.97532,0.9596,0.96224,0.71478,0.28573,0.38349,0.40316,3.763e-05,3.763e-05,3.763e-05
191,9767.17,0.11706,0.22845,0.10179,0.97301,0.95997,0.95987,0.70984,0.28568,0.39154,0.40567,3.73e-05,3.73e-05,3.73e-05
192,9818.17,0.11552,0.22311,0.0981,0.97326,0.95802,0.96181,0.71599,0.28063,0.40464,0.38318,3.697e-05,3.697e-05,3.697e-05
193,9869.28,0.11189,0.22445,0.09374,0.96902,0.95537,0.9597,0.71702,0.27882,0.39655,0.38574,3.664e-05,3.664e-05,3.664e-05
194,9920.35,0.11524,0.23443,0.09709,0.97807,0.95208,0.96029,0.71372,0.2796,0.38427,0.39027,3.631e-05,3.631e-05,3.631e-05
195,9971.43,0.11636,0.23044,0.09943,0.97444,0.95524,0.96215,0.71892,0.27982,0.37467,0.38765,3.598e-05,3.598e-05,3.598e-05
196,10022.4,0.11191,0.22981,0.09594,0.97272,0.95748,0.96075,0.72072,0.27852,0.37941,0.3827,3.565e-05,3.565e-05,3.565e-05
197,10073.5,0.11072,0.22182,0.09247,0.97454,0.95933,0.96152,0.71888,0.27721,0.37572,0.37498,3.532e-05,3.532e-05,3.532e-05
198,10124.5,0.11641,0.22809,0.09738,0.97187,0.95504,0.95858,0.71582,0.27907,0.37097,0.39041,3.499e-05,3.499e-05,3.499e-05
199,10175.6,0.10949,0.22782,0.09314,0.96909,0.95408,0.96276,0.71286,0.28098,0.37826,0.39873,3.466e-05,3.466e-05,3.466e-05
200,10226.7,0.11042,0.22728,0.09164,0.97131,0.95925,0.96196,0.71334,0.27945,0.37368,0.39517,3.433e-05,3.433e-05,3.433e-05
201,10277.8,0.11227,0.23013,0.09331,0.96214,0.95998,0.95574,0.7156,0.27478,0.38011,0.3844,3.4e-05,3.4e-05,3.4e-05
202,10328.8,0.10902,0.22194,0.09013,0.96711,0.96361,0.95736,0.71518,0.27909,0.38078,0.38487,3.367e-05,3.367e-05,3.367e-05
203,10379.9,0.11564,0.22498,0.09372,0.97509,0.95699,0.95921,0.71729,0.27705,0.37601,0.38841,3.334e-05,3.334e-05,3.334e-05
204,10431,0.11294,0.22119,0.09668,0.97164,0.96213,0.95808,0.71754,0.2799,0.37577,0.38556,3.301e-05,3.301e-05,3.301e-05
205,10482.1,0.11045,0.22623,0.09168,0.9772,0.94954,0.95711,0.71439,0.2819,0.38019,0.38776,3.268e-05,3.268e-05,3.268e-05
206,10533.2,0.10901,0.22401,0.08965,0.96927,0.95928,0.95953,0.71511,0.28292,0.3767,0.39249,3.235e-05,3.235e-05,3.235e-05
207,10584.3,0.11018,0.22618,0.09155,0.96099,0.96054,0.95774,0.71063,0.28318,0.37843,0.39153,3.202e-05,3.202e-05,3.202e-05
208,10635.3,0.10632,0.22116,0.08825,0.96828,0.95817,0.95812,0.71505,0.28101,0.38036,0.38562,3.169e-05,3.169e-05,3.169e-05
209,10686.4,0.10232,0.22251,0.0886,0.9753,0.96185,0.96211,0.71682,0.28281,0.37619,0.39297,3.136e-05,3.136e-05,3.136e-05
210,10737.5,0.10899,0.21847,0.09206,0.9768,0.96086,0.96163,0.71476,0.28357,0.37626,0.39702,3.103e-05,3.103e-05,3.103e-05
211,10788.6,0.10929,0.22542,0.09228,0.97418,0.95748,0.96147,0.7142,0.28323,0.37507,0.39503,3.07e-05,3.07e-05,3.07e-05
212,10839.6,0.10335,0.2163,0.08606,0.97352,0.96088,0.9609,0.71529,0.28018,0.38336,0.38843,3.037e-05,3.037e-05,3.037e-05
213,10890.7,0.1124,0.22763,0.09351,0.97403,0.95509,0.95626,0.71112,0.28084,0.39041,0.38505,3.004e-05,3.004e-05,3.004e-05
214,10941.7,0.10481,0.21887,0.08693,0.97921,0.9562,0.95627,0.7142,0.28005,0.38113,0.386,2.971e-05,2.971e-05,2.971e-05
215,10992.8,0.10818,0.22696,0.09078,0.97055,0.95934,0.95728,0.71854,0.27791,0.37846,0.38887,2.938e-05,2.938e-05,2.938e-05
216,11043.8,0.10843,0.221,0.08934,0.97355,0.95734,0.95663,0.71956,0.27832,0.36955,0.38767,2.905e-05,2.905e-05,2.905e-05
217,11094.9,0.102,0.21647,0.0852,0.97165,0.94725,0.95204,0.71766,0.28096,0.3805,0.38645,2.872e-05,2.872e-05,2.872e-05
218,11146,0.10612,0.22829,0.08964,0.97276,0.95152,0.95683,0.71682,0.28185,0.37677,0.39291,2.839e-05,2.839e-05,2.839e-05
219,11197.1,0.11286,0.22884,0.09348,0.96826,0.95852,0.95428,0.71598,0.28404,0.37627,0.39771,2.806e-05,2.806e-05,2.806e-05
220,11248.2,0.10648,0.20821,0.08927,0.97177,0.95934,0.95894,0.7212,0.28082,0.37865,0.39075,2.773e-05,2.773e-05,2.773e-05
221,11299.2,0.10486,0.21561,0.08914,0.97415,0.9569,0.9591,0.72101,0.28188,0.37517,0.38826,2.74e-05,2.74e-05,2.74e-05
222,11350.2,0.10355,0.21857,0.08403,0.97497,0.95663,0.95833,0.72019,0.27772,0.37497,0.38788,2.707e-05,2.707e-05,2.707e-05
